{
  "project_info": {
    "project_number": "178838336456",
    "firebase_url": "https://debug-16e55.firebaseio.com",
    "project_id": "debug-16e55",
    "storage_bucket": "debug-16e55.appspot.com"
  },
  "client": [
    {
      "client_info": {
        "mobilesdk_app_id": "1:178838336456:android:2855c35bdabe3f0c",
        "android_client_info": {
          "package_name": "com.example.birendra.debug"
        }
      },
      "oauth_client": [
        {
          "client_id": "178838336456-9qbpicsecvv7cnaet9v44qu7er27ft80.apps.googleusercontent.com",
          "client_type": 1,
          "android_info": {
            "package_name": "com.example.birendra.debug",
            "certificate_hash": "F152FAC3EFC4E5852A74D3D7CC1A8C44FA30FBF4"
          }
        },
        {
          "client_id": "178838336456-ja5stafqk3teb3c1nhtgcn1a9qlovaqh.apps.googleusercontent.com",
          "client_type": 3
        }
      ],
      "api_key": [
        {
          "current_key": "AIzaSyBthxPbzhpPLpiV9E6kKBMg-7zgXygnA2A"
        }
      ],
      "services": {
        "analytics_service": {
          "status": 1
        },
        "appinvite_service": {
          "status": 2,
          "other_platform_oauth_client": [
            {
              "client_id": "178838336456-ja5stafqk3teb3c1nhtgcn1a9qlovaqh.apps.googleusercontent.com",
              "client_type": 3
            }
          ]
        },
        "ads_service": {
          "status": 2
        }
      }
    }
  ],
  "configuration_version": "1"
}