{
  "project_info": {
    "project_number": "365088117846",
    "firebase_url": "https://challanapp-8243b.firebaseio.com",
    "project_id": "challanapp-8243b",
    "storage_bucket": "challanapp-8243b.appspot.com"
  },
  "client": [
    {
      "client_info": {
        "mobilesdk_app_id": "1:365088117846:android:ec789f69e6bb6910",
        "android_client_info": {
          "package_name": "com.example.birendra.challanapp"
        }
      },
      "oauth_client": [
        {
          "client_id": "365088117846-8ldo3mkrj1h1l6muu3ostmnrjrgnvve3.apps.googleusercontent.com",
          "client_type": 3
        }
      ],
      "api_key": [
        {
          "current_key": "AIzaSyBU8ZI6GsebU3xms_gmfxyW4gCpoF1ZZiQ"
        }
      ],
      "services": {
        "analytics_service": {
          "status": 1
        },
        "appinvite_service": {
          "status": 1,
          "other_platform_oauth_client": []
        },
        "ads_service": {
          "status": 2
        }
      }
    },
    {
      "client_info": {
        "mobilesdk_app_id": "1:365088117846:android:2855c35bdabe3f0c",
        "android_client_info": {
          "package_name": "com.example.birendra.debug"
        }
      },
      "oauth_client": [
        {
          "client_id": "365088117846-8ldo3mkrj1h1l6muu3ostmnrjrgnvve3.apps.googleusercontent.com",
          "client_type": 3
        }
      ],
      "api_key": [
        {
          "current_key": "AIzaSyBU8ZI6GsebU3xms_gmfxyW4gCpoF1ZZiQ"
        }
      ],
      "services": {
        "analytics_service": {
          "status": 1
        },
        "appinvite_service": {
          "status": 1,
          "other_platform_oauth_client": []
        },
        "ads_service": {
          "status": 2
        }
      }
    }
  ],
  "configuration_version": "1"
}